<?xml version="1.0" encoding="UTF-8"?>
<blueprint xmlns="http://www.osgi.org/xmlns/blueprint/v1.0.0"
    xmlns:cm="http://aries.apache.org/blueprint/xmlns/blueprint-cm/v1.1.0"
    xmlns:xsi="http://www.w3.org/2001/XMLSchema-instance" xsi:schemaLocation="          http://www.osgi.org/xmlns/blueprint/v1.0.0 https://www.osgi.org/xmlns/blueprint/v1.0.0/blueprint.xsd          http://camel.apache.org/schema/blueprint http://camel.apache.org/schema/blueprint/camel-blueprint.xsd          http://aries.apache.org/blueprint/xmlns/blueprint-cm/v1.1.0 http://aries.apache.org/schemas/blueprint-cm/blueprint-cm-1.1.0.xsd">
    <bean class="org.apache.activemq.camel.component.ActiveMQComponent" id="activemq">
        <property name="connectionFactory">
            <bean class="org.apache.activemq.ActiveMQConnectionFactory">
                <property name="brokerURL" value="tcp://localhost:61616"/>
                <property name="userName" value="admin"/>
                <property name="password" value="admin"/>
            </bean>
        </property>
    </bean>
    <camelContext id="blueprint-bean-context" xmlns="http://camel.apache.org/schema/blueprint">
        <route id="ReceiveData">
            <from id="_from1" uri="file:datafile?noop=true"/>
            <choice id="_choice1">
                <when id="_when1">
                    <xpath>/CustInfo[@infotype="LoanCustomer"]</xpath>
                    <to id="_to1" uri="activemq:queue:customer"/>
                </when>
                <otherwise id="_otherwise1">
                    <to id="_to2" uri="activemq:queue:house"/>
                </otherwise>
            </choice>
        </route>
    </camelContext>
</blueprint>
