<?xml version="1.0" encoding="UTF-8"?>
<blueprint xmlns="http://www.osgi.org/xmlns/blueprint/v1.0.0"
    xmlns:cm="http://aries.apache.org/blueprint/xmlns/blueprint-cm/v1.1.0"
    xmlns:xsi="http://www.w3.org/2001/XMLSchema-instance" xsi:schemaLocation="          http://www.osgi.org/xmlns/blueprint/v1.0.0 https://www.osgi.org/xmlns/blueprint/v1.0.0/blueprint.xsd          http://camel.apache.org/schema/blueprint http://camel.apache.org/schema/blueprint/camel-blueprint.xsd          http://aries.apache.org/blueprint/xmlns/blueprint-cm/v1.1.0 http://aries.apache.org/schemas/blueprint-cm/blueprint-cm-1.1.0.xsd">
    <bean class="org.apache.activemq.camel.component.ActiveMQComponent" id="activemq">
        <property name="connectionFactory">
            <bean class="org.apache.activemq.ActiveMQConnectionFactory">
                <property name="brokerURL" value="tcp://localhost:61616"/>
                <property name="userName" value="admin"/>
                <property name="password" value="admin"/>
            </bean>
        </property>
    </bean>
    <bean class="org.apache.commons.dbcp.BasicDataSource"
        destroy-method="close" id="dataSource">
        <property name="driverClassName" value="org.postgresql.Driver"/>
        <property name="url" value="jdbc:postgresql://localhost:5432/demo"/>
        <property name="username" value="demo"/>
        <property name="password" value="demo"/>
    </bean>
    <!-- configure the Camel SQL component to use the JDBC data source -->
    <bean class="org.apache.camel.component.sql.SqlComponent" id="sql">
        <property name="dataSource" ref="dataSource"/>
    </bean>
    <bean class="org.Crossvale.Demo.processor.AppraisalProcessor" id="Appraiser"/>
    <camelContext allowUseOriginalMessage="true"
        id="blueprint-bean-context" xmlns="http://camel.apache.org/schema/blueprint">
        <propertyPlaceholder id="properties" location="classpath:sql.properties,googleapp.properties"/>
        <endpoint id="fileToHouse" uri="dozer:fileToHouse?sourceModel=generated_1503952879916.HouseInfo&amp;targetModel=org.Crossvale.Demo.model.HouseInfo&amp;unmarshalId=generated_1503952879916&amp;mappingFile=transformation.xml"/>
        <dataFormats>
            <jaxb contextPath="generated_1503952879916" id="generated_1503952879916"/>
        </dataFormats>
        <route id="Location">
            <from id="_from1" uri="activemq:queue:location"/>
            <to id="_to1" uri="ref:fileToHouse"/>
            <setBody id="_setBody1">
                <simple>${body.address}</simple>
            </setBody>
            <bean
                beanType="org.Crossvale.Demo.processor.HouseInfoProcessor" id="_bean1"/>
            <log id="_log1" message="https://maps.googleapis.com/maps/api/geocode/json?address=${body}&amp;amp;amp;amp;sensor=false&amp;amp;amp;amp;key={{googlekey}}"/>
            <recipientList id="_recipientList1">
                <simple>https4://maps.googleapis.com/maps/api/geocode/json?address=${body}&amp;amp;amp;amp;sensor=false&amp;amp;amp;amp;key={{googlekey}}</simple>
            </recipientList>
            <unmarshal id="_unmarshal1">
                <json library="Jackson"/>
            </unmarshal>
            <setBody id="_setBody2">
                <simple>${body.[results].[0].[geometry].[location].[lat]},${body.[results].[0].[geometry].[location].[lng]}</simple>
            </setBody>
        </route>
        <route id="NumberOfSchools">
            <from id="_from2" uri="activemq:queue:schoolNum"/>
            <setHeader headerName="host" id="_setHeader1">
                <constant>maps.googleapis.com</constant>
            </setHeader>
            <recipientList delimiter="|" id="_recipientList2">
                <simple>https4://maps.googleapis.com/maps/api/place/radarsearch/json?location=${body}&amp;amp;radius=500&amp;amp;types=school&amp;amp;sensor=false&amp;amp;key={{googlekey}}</simple>
            </recipientList>
            <unmarshal id="_unmarshal2">
                <json library="Jackson"/>
            </unmarshal>
            <setBody id="_setBody3">
                <simple>${body.size}</simple>
            </setBody>
        </route>
        <route id="houseQueueToSQLHouseInfo">
            <from id="_from3" uri="activemq:queue:house"/>
            <to id="_to2" pattern="InOut" uri="activemq:queue:location"/>
            <log id="_log2" message="Location ${body}"/>
            <to id="getSchoolNum" pattern="InOut" uri="activemq:queue:schoolNum"/>
            <log id="SchoolOuput" message="SchoolNum ${body}"/>
            <bean
                beanType="org.Crossvale.Demo.processor.MessageProcessor" id="_bean2"/>
            <log id="_log4" message="I completed the Bean, going to ReffileToHouse"/>
            <to id="_to3" pattern="InOut" uri="ref:fileToHouse"/>
            <log id="_log3" message="Number of Schools around ${headers.SchoolNum}"/>
            <bean id="_bean3" method="quote" ref="Appraiser"/>
            <bean id="_bean4"
                method="updateQuoteWithSchools(${body},${headers.SchoolNum})" ref="Appraiser"/>
            <to id="_to4" uri="sql:{{sql.deleteHouseInfo}}"/>
            <to id="_to5" uri="sql:{{sql.insertHouseInfo}}"/>
        </route>
    </camelContext>
</blueprint>
