<?xml version="1.0" encoding="UTF-8"?>
<blueprint xmlns="http://www.osgi.org/xmlns/blueprint/v1.0.0"
    xmlns:cm="http://aries.apache.org/blueprint/xmlns/blueprint-cm/v1.1.0"
    xmlns:xsi="http://www.w3.org/2001/XMLSchema-instance" xsi:schemaLocation="          http://www.osgi.org/xmlns/blueprint/v1.0.0 https://www.osgi.org/xmlns/blueprint/v1.0.0/blueprint.xsd          http://camel.apache.org/schema/blueprint http://camel.apache.org/schema/blueprint/camel-blueprint.xsd          http://aries.apache.org/blueprint/xmlns/blueprint-cm/v1.1.0 http://aries.apache.org/schemas/blueprint-cm/blueprint-cm-1.1.0.xsd">
    <bean class="org.apache.commons.dbcp.BasicDataSource"
        destroy-method="close" id="dataSource">
        <property name="driverClassName" value="org.postgresql.Driver"/>
        <property name="url" value="jdbc:postgresql://localhost:5432/demo"/>
        <property name="username" value="demo"/>
        <property name="password" value="demo"/>
    </bean>
    <!-- configure the Camel SQL component to use the JDBC data source -->
    <bean class="org.apache.camel.component.sql.SqlComponent" id="sql">
        <property name="dataSource" ref="dataSource"/>
    </bean>
    <reference id="httpService" interface="org.osgi.service.http.HttpService"/>
    <bean
        class="org.apache.camel.component.servlet.CamelHttpTransportServlet" id="camelServlet"/>
    <bean
        class="org.apache.camel.component.servlet.osgi.OsgiServletRegisterer"
        destroy-method="unregister" id="registerCamel" init-method="register">
        <property name="alias" value="/homeloan"/>
        <property name="httpService" ref="httpService"/>
        <property name="servlet" ref="camelServlet"/>
        <property name="servletName" value="CamelServlet"/>
    </bean>
    <camelContext id="blueprint-bean-context" xmlns="http://camel.apache.org/schema/blueprint">
        <propertyPlaceholder id="properties" location="classpath:sql.properties"/>
        <restConfiguration bindingMode="json" component="servlet"
            contextPath="/homeloan" host="localhost" port="9999">
            <dataFormatProperty key="prettyPrint" value="true"/>
        </restConfiguration>
        <rest path="/summaryservice">
            <get uri="/nationalID/{clientId}">
                <to uri="direct:customerSummary"/>
            </get>
        </rest>
        <route id="CustomerSummaryRestServ">
            <from id="_from1" uri="direct:customerSummary"/>
            <log id="_log1" message="${headers.clientId}"/>
            <to id="_to1" uri="sql:{{sql.selectCustHouseInfo}}"/>
        </route>
    </camelContext>
</blueprint>
